Amount,Source (Cash),Purpose (Cash),Date,Description
200.00,110,111,,Cash transfer to the savings account
150.00,110,111,,Cash transfer to the savings account
200.00,110,111,,Cash transfer to the savings account
250.00,110,111,,Cash transfer to the savings account
250.00,110,111,,Cash transfer to the savings account
200.00,110,111,,Cash transfer to the savings account
200.00,110,111,,Cash transfer to the savings account
150.00,110,111,,Cash transfer to the savings account
200.00,110,111,,Cash transfer to the savings account
250.00,110,111,,Cash transfer to the savings account
200.00,110,111,,Cash transfer to the savings account
200.00,110,111,,Cash transfer to the savings account
250.00,110,111,,Cash transfer to the savings account